id,title,createdAt,imageName
1,Test,"2016-04-10 18:51:20",test.jpeg
2,Test,"2016-04-10 18:51:20",test.jpeg
3,aaaaaaa,"2016-04-10 18:51:38",42469fed5c97ec7363ac1d228318f584.jpg
4,test,"2016-04-10 19:01:44",42469fed5c97ec7363ac1d228318f584.jpg
5,test,"2016-04-10 19:01:47",42469fed5c97ec7363ac1d228318f584.jpg
6,test,"2016-04-10 19:01:54",42469fed5c97ec7363ac1d228318f584.jpg
7,Valdito,"2016-04-10 19:07:18",8a47c9da49ae062b10d89927bffdadd2.jpg
8,kio,"2016-04-10 19:09:56",8a47c9da49ae062b10d89927bffdadd2.jpg
9,test2,"2016-04-10 19:10:15",be84bc6709604c99ff58cebab6f15096.jpg
10,hola,"2016-04-10 19:10:44",42469fed5c97ec7363ac1d228318f584.jpg
